/*
SQLyog v10.2 
MySQL - 5.5.43 : Database - hello
*********************************************************************
*/

/*!40101 SET NAMES utf8 */;

/*!40101 SET SQL_MODE=''*/;

/*!40014 SET @OLD_UNIQUE_CHECKS=@@UNIQUE_CHECKS, UNIQUE_CHECKS=0 */;
/*!40014 SET @OLD_FOREIGN_KEY_CHECKS=@@FOREIGN_KEY_CHECKS, FOREIGN_KEY_CHECKS=0 */;
/*!40101 SET @OLD_SQL_MODE=@@SQL_MODE, SQL_MODE='NO_AUTO_VALUE_ON_ZERO' */;
/*!40111 SET @OLD_SQL_NOTES=@@SQL_NOTES, SQL_NOTES=0 */;
CREATE DATABASE /*!32312 IF NOT EXISTS*/`hello` /*!40100 DEFAULT CHARACTER SET utf8 */;

USE `hello`;

/*Table structure for table `admin` */

DROP TABLE IF EXISTS `admin`;

CREATE TABLE `admin` (
  `id` varchar(30) NOT NULL,
  `password` varchar(50) DEFAULT NULL,
  `level` int(10) DEFAULT NULL,
  PRIMARY KEY (`id`)
) ENGINE=InnoDB DEFAULT CHARSET=utf8;

/*Data for the table `admin` */

insert  into `admin`(`id`,`password`,`level`) values ('123','123',2),('1234','1234',3),('1639616588826464257','',1),('1639616642727464962','',1),('admin','123',1),('作者','123',4),('审核1','123',2),('审核2','123',3),('烦人发','123',2),('阿斯达','1234',3);

/*Table structure for table `department` */

DROP TABLE IF EXISTS `department`;

CREATE TABLE `department` (
  `id` int(20) NOT NULL,
  `departmentname` varchar(20) DEFAULT NULL,
  PRIMARY KEY (`id`)
) ENGINE=InnoDB DEFAULT CHARSET=utf8;

/*Data for the table `department` */

insert  into `department`(`id`,`departmentname`) values (1,'保养部门'),(2,'eva管理部门'),(3,'地表防御部门'),(4,'外勤部'),(5,'下班拿外卖的');

/*Table structure for table `employee` */

DROP TABLE IF EXISTS `employee`;

CREATE TABLE `employee` (
  `id` int(20) NOT NULL AUTO_INCREMENT,
  `lastname` varchar(20) DEFAULT NULL,
  `email` varchar(20) DEFAULT NULL,
  `gender` int(5) DEFAULT NULL,
  `department` varchar(20) DEFAULT NULL,
  `birth` date DEFAULT NULL,
  PRIMARY KEY (`id`)
) ENGINE=InnoDB AUTO_INCREMENT=2023021 DEFAULT CHARSET=utf8;

/*Data for the table `employee` */

insert  into `employee`(`id`,`lastname`,`email`,`gender`,`department`,`birth`) values (1,'我今天就要休息一天','123@123.com',1,'保养部门','2023-02-09'),(2,'22','233@233.com',0,'eva管理部门','2000-12-21'),(3,'33','666@666.com',0,'地表防御工事','2023-02-09'),(4,'44','114@514.com',0,'外勤部','2023-02-09'),(5,'我是鸡','dick@che.com',0,'下班拿外卖的','2007-02-03'),(2023014,'阿达达','858507756@qq.com',0,'下班拿外卖的','2007-02-03'),(2023015,'等等等','858507756@qq.com',0,'保养部门','2000-02-05'),(2023016,'我我我','dick@che.com',1,'eva管理部门','2007-02-03'),(2023017,'我我我','3317205495@qq.com',0,'下班拿外卖的','2007-02-03'),(2023018,'地方','3317205495@qq.com',0,'地表防御部门','2007-02-03'),(2023019,'我我我','3317205495@qq.com',1,'eva管理部门','2007-02-03'),(2023020,'我我我','858507756@qq.com',1,'保养部门','2000-02-05');

/*Table structure for table `log` */

DROP TABLE IF EXISTS `log`;

CREATE TABLE `log` (
  `id` int(10) NOT NULL AUTO_INCREMENT,
  `lzid` int(10) DEFAULT NULL,
  `loguser` varchar(20) DEFAULT NULL,
  `title` varchar(50) DEFAULT NULL,
  `log` varchar(300) DEFAULT NULL,
  `time` datetime DEFAULT NULL,
  PRIMARY KEY (`id`)
) ENGINE=InnoDB AUTO_INCREMENT=31 DEFAULT CHARSET=utf8;

/*Data for the table `log` */

insert  into `log`(`id`,`lzid`,`loguser`,`title`,`log`,`time`) values (3,11,'123','你说的对','我觉得你说的太对了','2023-03-16 20:46:20'),(4,5,'123','好的','哈哈！','2023-03-16 20:48:38'),(6,13,'123','你谁？','你说不准就不准？','2023-03-16 21:18:53'),(7,18,'123','没有','有也不给你','2023-03-16 21:44:58'),(8,18,'123','有','楼上不卖我卖','2023-03-16 21:54:50'),(9,19,'123','要的要的','111','2023-03-16 22:08:19'),(10,19,'123','我觉的','不行','2023-03-16 22:12:47'),(11,18,'123','123','123','2023-03-16 22:30:06'),(12,20,'123','不要急','大家都不会，我有题库加我q','2023-03-17 11:20:25'),(13,21,'123','这么巧','我也没吃！\r\n','2023-03-17 16:04:50'),(14,21,'123','好好','我是来自异世界的魔法师，拥有无与伦比的力量和智慧。我曾经在无数次的战斗中击败了恶魔，拯救了世界。我是人类的救世主，也是魔族的噩梦。我不属于任何一个国家或组织，我只遵循我的信念和正义。我不惧怕任何敌人或困难，因为我知道我的命运是由我自己掌控的。我是独一无二的存在，没有人能够理解我的孤独和苦闷。但是，这也是我的荣耀和自豪。因为我是——最强的魔法师！','2023-03-17 16:07:41'),(15,23,'123','好','你先去','2023-03-17 20:06:50'),(16,19,'123','啊啊啊','好饿！','2023-03-17 20:31:57'),(17,25,'123','123','123','2023-03-18 19:40:19'),(18,26,'小丝','你休息个头','我刚才还见你在敲代码','2023-03-19 17:54:56'),(19,26,'123','？你说什么','我那时在打游戏！\r\n你知道吗！','2023-03-19 17:55:56'),(20,26,'123','你说休息就休息？','我就不','2023-03-19 18:40:22'),(21,19,'Opd','你说吃就吃？','我饿死你','2023-03-19 18:52:56'),(22,28,'123','当然','就你不会了','2023-03-20 15:48:23'),(23,33,'123','不准学','不准学啊啊啊啊啊','2023-03-22 14:50:08'),(24,34,'123','233','233','2023-03-22 23:46:59'),(25,35,'123','223','233','2023-03-22 23:48:20'),(26,37,'123','M.R','顶顶顶\r\n顶顶顶\r\n对的','2023-03-23 17:23:36'),(27,37,'123','11','从    但是\r\n又不对','2023-03-23 17:27:26'),(28,38,'123','行','我也觉得行\r\n\r\n但是这样更好','2023-03-23 17:30:17'),(29,39,'123','我超','牛的','2023-03-23 17:32:28'),(30,11,'123','bububu','不对的','2023-03-27 17:07:21');

/*Table structure for table `news` */

DROP TABLE IF EXISTS `news`;

CREATE TABLE `news` (
  `id` int(10) NOT NULL AUTO_INCREMENT,
  `user` varchar(20) DEFAULT NULL,
  `title` varchar(100) DEFAULT NULL,
  `news` varchar(300) DEFAULT NULL,
  `type` varchar(20) DEFAULT NULL,
  `time` datetime NOT NULL,
  PRIMARY KEY (`id`)
) ENGINE=InnoDB AUTO_INCREMENT=42 DEFAULT CHARSET=utf8;

/*Data for the table `news` */

insert  into `news`(`id`,`user`,`title`,`news`,`type`,`time`) values (1,'123','大新闻','我有一个大发现，我他妈真是太帅了！','日常','2023-03-15 20:36:19'),(3,'123','笑了','就你？当我儿我都嫌掉价','日常','2023-03-15 20:58:04'),(4,'123','测试发帖','哈哈哈哈，这把必成','学习','2023-03-16 18:33:44'),(5,'123','测试2.0','嘻嘻','围炉夜话','2023-03-16 18:35:10'),(6,'123','测试3.0','这下总该好了吧！','学习','2023-03-16 18:36:22'),(7,'123','测试4.0','继续测试','围炉夜话','2023-03-16 18:37:08'),(8,'123','','','日常','2023-03-16 18:37:31'),(10,'123','测试5.0','哈哈哈','询问','2023-03-16 18:57:39'),(11,'123','测试6.0','唉唉唉','围炉夜话','2023-03-16 19:07:07'),(13,'123','嘻嘻哈哈','不准嘻嘻哈哈','学习','2023-03-16 21:18:31'),(14,'123','我我我','嘻嘻嘻','询问','2023-03-16 21:23:15'),(15,'123','我又来了','赫赫和','围炉夜话','2023-03-16 21:24:59'),(16,'123','111','222','日常','2023-03-16 21:27:39'),(17,'123','测试8.0','唧唧唧','围炉夜话','2023-03-16 21:34:36'),(18,'123','我问一下','你们这有半岛铁盒吗？','询问','2023-03-16 21:44:41'),(19,'123','我想问个事','你们要吃晚饭吗','匿名','2023-03-16 22:08:06'),(20,'123','线代应该怎么学？','好难！！！！！','学习','2023-03-17 11:19:46'),(21,'123','不好','今天我没吃上饭，哭啊！','围炉夜话','2023-03-17 16:04:30'),(22,'','测试不知几.0','2333','日常','2023-03-17 19:56:21'),(23,'123','不想学了','搬砖吧','学习','2023-03-17 20:03:40'),(24,'da迪克','你说什么？','你算个金箔？你这个土王八有老子帅？','日常','2023-03-17 22:20:41'),(25,'123','123','123','日常','2023-03-18 19:40:11'),(26,'123','听我的，休息一天','','学习','2023-03-19 17:54:13'),(27,'da迪克','你说什么？','你算个金箔？你这个土王八有老子帅？','日常','2023-03-19 18:42:10'),(28,'123','大伙java都学得会？','我怎么感觉老师讲的没一点用？','匿名','2023-03-20 15:48:02'),(29,'da迪克','你说什么？','你算个金箔？你这个土王八有老子帅？','日常','2023-03-20 22:33:43'),(30,'123','你说休息就休息？','我偏要学','学习','2023-03-20 23:30:33'),(31,'zzxc','让我看看','1111','日常','2023-03-20 23:42:39'),(32,'zzxc','ww','ww','匿名','2023-03-20 23:43:14'),(33,'123','我要学习！','我要学习！！！','学习','2023-03-22 14:49:38'),(34,'123','测试9.0','测试','日常','2023-03-22 23:46:47'),(35,'123','233','233','匿名','2023-03-22 23:48:12'),(36,'123','对的','去去去','日常','2023-03-23 00:07:12'),(37,'123','的事实','的的额度\r\n顶顶顶\r\n对的','日常','2023-03-23 17:22:09'),(38,'123','再说个事','    我觉得，这个格式可以\r\n你们觉得呢？》','匿名','2023-03-23 17:29:53'),(39,'123','见识见识吧！我的banner！','    _              _\r\n   / \\   ___ _   _| | ____ _\r\n  / _ \\ / __| | | | |/ / _` |\r\n / ___ \\\\__ \\ |_| |   < (_| |\r\n/_/   \\_\\___/\\__,_|_|\\_\\__,_|.Asuka','日常','2023-03-23 17:31:02'),(40,'123','大事发生健康的发挥空123123间啊上的公交卡健康的发挥过','123','日常','2023-03-23 20:48:32'),(41,'123','测试(最终)','<h1>我感觉这就不对</h1>\r\n怎么说呢，就是不对','日常','2023-03-27 16:56:17');

/*Table structure for table `schoolnews` */

DROP TABLE IF EXISTS `schoolnews`;

CREATE TABLE `schoolnews` (
  `id` int(20) NOT NULL AUTO_INCREMENT,
  `writer` varchar(50) DEFAULT NULL,
  `title` varchar(100) DEFAULT NULL,
  `word` varchar(1000) DEFAULT NULL,
  `time` datetime DEFAULT NULL,
  `type` varchar(30) DEFAULT NULL,
  `emo` int(10) DEFAULT NULL,
  `wlevel` int(10) DEFAULT NULL,
  PRIMARY KEY (`id`)
) ENGINE=InnoDB AUTO_INCREMENT=34 DEFAULT CHARSET=utf8;

/*Data for the table `schoolnews` */

insert  into `schoolnews`(`id`,`writer`,`title`,`word`,`time`,`type`,`emo`,`wlevel`) values (2,'admin','我想说','这是对的','2023-03-25 16:41:28','院系速递',1,1),(3,'admin','213','123312','2023-03-25 17:11:49','通知公告',1,3),(4,'admin','refghdfg','dfgdfg','2023-03-25 17:11:52','安师新闻',3,1),(5,'admin','ewrgwe','asdfasdfth','2023-03-25 17:11:57','电子校报',2,2),(7,'admin','drfyjytj','sdfgsdg','2023-03-25 17:12:09','媒体安师',3,1),(13,'admin','sdfgsdfgsdfg','','2023-03-25 20:32:05','安师新闻',3,1),(14,'admin','12312312312','123123123','2023-03-25 21:18:30','院系速递',3,1),(15,'作者','恭喜我校获得元神大奖赛第一名','你说的对，但是《原神》是由米哈游自主研发的一款全新开放世界冒险游戏。游戏发生在一个被称作「提瓦特」的幻想世界，在这里，被神选中的人将被授予「神之眼」，导引元素之力。你将扮演一位名为「旅行者」的神秘角色，在自由的旅行中邂逅性格各异、能力独特的同伴们，和他们一起击败强敌，找回失散的亲人——同时，逐步发掘「原神」的真相','2023-03-25 21:38:30','安师新闻',3,1),(16,'作者','我又来了','你说的对，但是《原神》是由米哈游自主研发的一款全新开放世界冒险游戏。游戏发生在一个被称作「提瓦特」的幻想世界，在这里，被神选中的人将被授予「神之眼」，导引元素之力。你将扮演一位名为「旅行者」的神秘角色，在自由的旅行中邂逅性格各异、能力独特的同伴们，和他们一起击败强敌，找回失散的亲人——同时，逐步发掘「原神」的真相','2023-03-25 21:41:09','安师新闻',3,4),(17,'admin','asdfasd','132123','2023-03-26 15:42:13','安师新闻',3,1),(18,'admin','23123','12313','2023-03-26 15:42:16','安师新闻',3,1),(19,'admin','123','12312312','2023-03-26 15:42:19','安师新闻',3,1),(20,'admin','sdfgsdfg','sdfgsdfgsd','2023-03-26 15:42:23','安师新闻',3,1),(21,'admin','asdasd','rfghdrfhdf','2023-03-26 15:59:43','院系速递',3,1),(22,'admin','hjftgjtg','jsdfgsdfg','2023-03-26 15:59:48','院系速递',3,1),(23,'admin','fghseregs','dfgsdfg','2023-03-26 15:59:53','院系速递',3,1),(24,'admin','sdfgsdfgsdfg','sdfgsdg','2023-03-26 15:59:58','院系速递',3,1),(25,'admin','kgyhujkfjdh','sdfgsdfgthdh','2023-03-26 16:00:04','院系速递',3,1),(26,'admin','dfgh','dfghdfgh','2023-03-26 16:00:10','院系速递',3,1),(27,'admin','dfgdf','dfghhjgfhj','2023-03-26 16:00:13','安师新闻',3,1),(28,'admin','sdfgsdfg','sdfgsdfg','2023-03-26 16:00:18','院系速递',3,1),(29,'admin','这是公告','123','2023-03-26 16:42:35','通知公告',3,1),(30,'admin','这是校报','123','2023-03-26 16:42:46','电子校报',3,1),(31,'admin','媒体安师','123','2023-03-26 16:42:56','媒体安师',3,1),(32,'admin','大大缩短','阿达达','2023-03-26 17:59:04','安师新闻',1,1),(33,'admin','一则通知','1233','2023-03-27 17:05:59','通知公告',3,1);

/*Table structure for table `user` */

DROP TABLE IF EXISTS `user`;

CREATE TABLE `user` (
  `id` varchar(20) NOT NULL,
  `password` varchar(20) DEFAULT NULL,
  PRIMARY KEY (`id`)
) ENGINE=InnoDB DEFAULT CHARSET=utf8;

/*Data for the table `user` */

insert  into `user`(`id`,`password`) values ('123','123'),('1234','123'),('233','233'),('5567567','fgjfjfg'),('6666','66666'),('8678','xcvbcvb'),('876h6h4','zdfg'),('asd','asdasd'),('aSDADS','GSDFG'),('Opd','111'),('rthrh','nytn'),('sfssdf','jtjty'),('werwre','dfdgf'),('zzx','lc020905'),('zzxc','lc020905'),('二号鸡','233'),('呃呃呃','eee'),('哒哒哒','www'),('小丝','123'),('鸡','123');

/*!40101 SET SQL_MODE=@OLD_SQL_MODE */;
/*!40014 SET FOREIGN_KEY_CHECKS=@OLD_FOREIGN_KEY_CHECKS */;
/*!40014 SET UNIQUE_CHECKS=@OLD_UNIQUE_CHECKS */;
/*!40111 SET SQL_NOTES=@OLD_SQL_NOTES */;
